bodypart,mean_velocity
Forelimb,3.068000709586124
Wrist joint,6.248736065250323
Hindlimb,5.895126780175119
Ankle joint,3.4744203030308918
